56.09872	318.44894	0.00000	0.00000	0.00000	0.00000	0.00000	0.00000
59.97583	318.03766	3.87711	-0.41128	3.89886	0.00000	0.00000	0.00000
63.62964	319.66074	3.65381	1.62308	3.99809	0.00000	0.00000	0.00000
63.49095	321.14206	-0.13869	1.48132	1.48780	30.00680	0.00000	0.00000
63.24147	320.44940	-0.24948	-0.69266	0.73622	71.39702	0.00000	0.00000
64.77097	318.64697	1.52950	-1.80243	2.36392	154.84350	8.67451	0.00000
64.89476	317.19553	0.12379	-1.45144	1.45671	60.12500	4.99049	0.00000
65.62896	315.91345	0.73420	-1.28208	1.47742	-35.44225	4.24729	-11.02308
67.37878	314.52896	1.74982	-1.38449	2.23130	24.92335	7.67126	-52.20344
68.82640	312.04095	1.44762	-2.48801	2.87851	21.85012	10.09423	2.36957
69.49724	308.68800	0.67084	-3.35295	3.41940	-21.45581	11.02355	3.14111
69.25431	304.00076	-0.24293	-4.68724	4.69353	-18.87845	13.89632	-8.20446
69.29464	299.65320	0.04033	-4.34756	4.34775	-14.28091	16.66832	-7.10426
69.79551	294.79175	0.50087	-4.86145	4.88718	3.49835	19.88462	-5.57927
69.43999	291.13092	-0.35551	-3.66083	3.67805	5.35088	20.91903	-5.72342
69.46325	287.80725	0.02326	-3.32367	3.32375	-11.42915	20.88078	-5.30002
68.85892	283.44340	-0.60433	-4.36385	4.40550	5.94766	20.56116	-1.77410
68.91901	278.70520	0.06009	-4.73820	4.73858	-8.28537	20.95137	-1.00860
71.29527	274.37555	2.37626	-4.32965	4.93887	8.61107	20.47121	0.07457
74.68010	270.09033	3.38483	-4.28522	5.46079	28.03285	21.68329	5.22864
77.91296	264.92288	3.23286	-5.16745	6.09540	9.54528	24.39451	9.78352
81.11830	258.95322	3.20534	-5.96966	6.77577	-6.27376	27.38725	6.28105
82.88842	252.65427	1.77012	-6.29895	6.54294	-3.79792	29.56003	6.32587
83.88022	245.74979	0.99180	-6.90448	6.97535	-12.53670	31.27004	1.60996
83.94049	239.49341	0.06027	-6.25638	6.25667	-7.52195	31.96758	-4.46966
85.52743	234.63861	1.58695	-4.85480	5.10759	-7.62245	31.22687	-6.89325
86.18136	229.86214	0.65393	-4.77647	4.82103	17.54968	29.52838	-2.72533
87.51640	227.42604	1.33504	-2.43610	2.77793	-10.30597	25.64921	-4.24054
87.62051	227.19379	0.10411	-0.23225	0.25452	20.92813	18.92921	0.52206
86.70055	228.90138	-0.91996	1.70759	1.93964	-4.57784	10.94573	1.00127
85.94389	231.35255	-0.75666	2.45117	2.56530	-175.83237	3.31234	3.20900
85.57985	233.41426	-0.36404	2.06171	2.09360	-11.15845	3.60269	-7.38247
84.97251	236.28201	-0.60734	2.86775	2.93136	-7.14150	9.21410	-177.61161
84.86459	237.30217	-0.10792	1.02016	1.02585	1.94397	10.47733	6.41559
84.75948	238.13647	-0.10511	0.83430	0.84090	-5.91887	9.43688	-0.77645
84.70843	238.34400	-0.05105	0.20753	0.21372	1.14219	7.09977	-3.38042
84.88264	236.68369	0.17421	-1.66031	1.66942	6.63778	3.34294	-1.84862
84.81594	234.95193	-0.06670	-1.73176	1.73304	172.17123	1.33926	2.01679
84.23167	233.06750	-0.58427	-1.88443	1.97293	-8.19561	4.28171	161.24826
83.23179	230.00586	-0.99988	-3.06164	3.22078	-15.02031	8.27289	-1.78687
83.06469	226.53363	-0.16710	-3.47223	3.47625	-0.86022	11.92421	-2.14088
82.67322	222.26660	-0.39147	-4.26703	4.28495	15.33102	14.58540	2.71802
81.46763	217.57190	-1.20559	-4.69470	4.84703	-2.48660	17.69962	-0.78940
80.23590	211.97047	-1.23173	-5.60143	5.73526	-9.16043	21.47210	-2.19179
77.61446	204.61137	-2.62144	-7.35910	7.81206	2.00053	26.00836	0.17981
76.21840	198.24695	-1.39606	-6.36442	6.51574	-7.20510	29.10340	-1.74836
74.80773	191.11446	-1.41067	-7.13249	7.27065	7.23475	32.12976	-1.13264
72.63375	182.58376	-2.17398	-8.53070	8.80335	1.18444	36.08611	-0.56446
71.75925	176.03911	-0.87450	-6.54465	6.60282	-3.10942	36.91770	0.00023
68.20939	168.66403	-3.54986	-7.37508	8.18494	6.68623	37.15732	0.89594
62.93859	160.29408	-5.27080	-8.36995	9.89128	-18.09217	40.20913	-1.38783
58.05293	152.98712	-4.88566	-7.30696	8.78984	-6.49684	41.64634	-4.62318
54.01497	145.92339	-4.03796	-7.06373	8.13642	-1.56810	41.11741	-4.43769
50.22517	137.12634	-3.78980	-8.79705	9.57866	4.01364	44.47382	-3.20198
50.00486	130.97389	-0.22031	-6.15245	6.15639	6.44771	41.85632	-2.03512
50.24361	125.67038	0.23875	-5.30351	5.30888	21.25577	36.87768	3.17908
48.09229	120.12637	-2.15132	-5.54401	5.94678	4.62841	34.33720	5.64504
46.40409	115.16148	-1.68820	-4.96489	5.24406	-23.78603	31.68944	3.27283
44.66186	109.16301	-1.74224	-5.99847	6.24636	2.42899	28.51137	2.96630
43.85908	100.95866	-0.80278	-8.20435	8.24353	2.58366	30.63796	2.64454
44.21552	92.30112	0.35644	-8.65754	8.66487	10.60728	33.90937	-0.31959
43.81142	82.87407	-0.40410	-9.42705	9.43571	7.94612	37.49746	1.33174
42.34388	75.20010	-1.46754	-7.67397	7.81303	-4.81213	40.16712	3.68451
40.96978	70.12836	-1.37411	-5.07174	5.25459	-8.37179	39.20887	0.75389
39.36726	67.77170	-1.60252	-2.35666	2.84990	-4.33315	33.48956	0.39830
38.58545	66.61603	-0.78181	-1.15567	1.39528	-19.05604	26.29490	-2.30485
37.73938	65.84641	-0.84607	-0.76962	1.14375	0.13716	18.07792	-4.65540
37.58725	65.81470	-0.15213	-0.03171	0.15540	-13.63055	10.52194	-7.26270
37.44009	65.45406	-0.14716	-0.36064	0.38951	-30.51878	5.85729	-7.25027
38.27925	68.10878	0.83917	2.65472	2.78420	56.02930	1.13902	-10.18097
40.06540	70.91572	1.78614	2.80694	3.32704	-175.34360	4.54726	-70.15634
40.79667	75.39748	0.73127	4.48176	4.54103	-14.92794	10.02846	-91.77967
41.35754	77.34952	0.56087	1.95204	2.03102	23.20284	12.13537	1.24360
41.77925	80.06951	0.42171	2.71999	2.75249	-6.76353	15.24598	-0.35074
41.68087	81.60944	-0.09838	1.53993	1.54307	7.21747	13.92260	1.56500
42.56642	83.20488	0.88554	1.59544	1.82472	12.46839	12.54107	2.39370
43.27308	85.69485	0.70667	2.48997	2.58831	-32.68761	10.59096	2.63846
44.65133	86.38975	1.37825	0.69490	1.54352	13.18814	9.62158	-2.01887
46.89450	87.33689	2.24317	0.94714	2.43493	-47.39897	8.88710	-6.49687
49.93404	88.55430	3.03955	1.21741	3.27428	-3.86574	10.78638	-15.12120
51.35167	90.78621	1.41763	2.23191	2.64407	-1.06383	11.60419	-14.77980
52.27842	91.11778	0.92674	0.33157	0.98427	35.75049	10.51210	0.71303
52.89428	91.21760	0.61586	0.09982	0.62390	-37.89157	9.55271	-9.73693
53.75841	91.60930	0.86413	0.39170	0.94877	-10.47968	8.08498	-0.69870
55.13696	91.71489	1.37855	0.10559	1.38259	15.17760	6.08767	1.54272
56.43871	91.70650	1.30175	-0.00839	1.30177	-20.00408	5.16961	-0.62278
57.49742	91.80122	1.05871	0.09472	1.06294	-4.74930	5.26356	-21.02280
59.03227	91.53683	1.53485	-0.26439	1.55746	5.48157	6.14629	-2.79389
61.62007	91.06870	2.58781	-0.46813	2.62981	-14.88586	7.88023	-4.48331
62.80967	90.67506	1.18960	-0.39363	1.25303	-0.48037	7.74285	-6.91094
63.83033	90.41679	1.02066	-0.25827	1.05283	-8.05514	7.50329	-3.78412
64.61688	90.24423	0.78655	-0.17257	0.80526	4.10865	7.28773	-2.17963
66.68505	90.13764	2.06817	-0.10658	2.07091	1.82608	7.77964	-2.43859
71.22685	91.20228	4.54180	1.06464	4.66491	9.42416	9.60770	1.97489
74.16008	92.64984	2.93323	1.44756	3.27097	16.14265	11.52091	11.15785
77.47923	94.29303	3.31915	1.64319	3.70362	13.07404	14.18865	9.07303
78.69183	96.33613	1.21260	2.04310	2.37585	0.07182	15.33673	5.98467
78.84718	99.29971	0.15535	2.96358	2.96765	32.97220	15.22698	7.54952
77.86635	99.75221	-0.98083	0.45250	1.08018	27.68870	10.82517	13.58784
76.59689	99.80769	-1.26946	0.05548	1.27067	68.23462	7.56127	15.17694
76.06754	99.91811	-0.52935	0.11042	0.54075	22.26370	5.79951	19.03078
76.45348	100.08781	0.38594	0.16971	0.42161	-9.27972	4.36868	32.88882
76.72578	100.91670	0.27230	0.82888	0.87246	-144.48176	2.66739	16.73308
76.98336	102.09229	0.25758	1.17560	1.20348	48.07753	2.50113	21.86298
77.29784	103.60386	0.31448	1.51157	1.54394	5.82802	3.86034	-32.01115
77.82545	105.02045	0.52761	1.41659	1.51165	0.60557	5.39668	-31.13486
77.49133	106.08647	-0.33412	1.06602	1.11715	-8.67494	6.08778	-8.54871
77.37242	107.42880	-0.11891	1.34233	1.34759	37.83017	6.54413	9.19462
76.80206	108.43214	-0.57036	1.00334	1.15413	-12.34011	6.34245	4.14505
77.14062	109.44450	0.33856	1.01235	1.06746	24.55414	5.84275	7.30877
78.31872	111.07338	1.17810	1.62888	2.01027	-48.10789	6.07300	-0.09606
80.47520	112.83068	2.15648	1.75730	2.78182	-17.38512	7.37481	-6.20087
82.95545	115.39062	2.48025	2.55994	3.56440	-14.94710	9.72424	-19.20735
84.88287	119.01797	1.92742	3.62735	4.10763	6.72948	13.31763	-11.17287
84.89117	122.85397	0.00831	3.83600	3.83601	16.10994	15.48822	-2.31759
84.14394	124.25088	-0.74724	1.39691	1.58421	27.86014	14.40762	7.32918
82.31638	124.72605	-1.82756	0.47517	1.88832	28.26740	12.03702	6.17932
81.51411	123.86706	-0.80227	-0.85899	1.17537	47.28231	8.59811	15.04970
79.87592	123.35677	-1.63820	-0.51029	1.71584	61.52999	6.62531	18.44878
78.49269	122.91701	-1.38323	-0.43976	1.45145	-29.65396	6.39879	39.43899
76.22288	124.43121	-2.26981	1.51420	2.72852	0.33487	7.92311	40.34624
74.50832	125.99960	-1.71456	1.56839	2.32370	-51.34388	7.91124	-0.73966
72.50156	129.50078	-2.00676	3.50118	4.03551	-8.74329	10.62850	-7.95961
70.01990	134.84755	-2.48166	5.34677	5.89462	-17.72948	15.13866	-22.74563
68.18240	142.24916	-1.83751	7.40161	7.62629	-4.92193	21.90968	-17.36988
65.93308	153.33238	-2.24932	11.08322	11.30916	-10.95568	30.67830	-12.54868
64.99083	164.35909	-0.94224	11.02671	11.06689	-2.47000	39.52257	-8.47459
61.65665	175.40677	-3.33418	11.04768	11.53984	-6.58814	47.16961	-5.66302
57.40973	186.86342	-4.24692	11.45665	12.21848	11.90966	53.52259	-0.64248
53.37337	195.67528	-4.03636	8.81186	9.69232	3.54571	55.44058	0.33532
50.26230	204.74306	-3.11107	9.06778	9.58663	4.27110	53.74599	1.86540
46.48234	215.29869	-3.77996	10.55563	11.21202	-5.67395	54.19785	1.45936
45.27182	221.46350	-1.21052	6.16481	6.28253	0.76574	48.88441	3.01616
43.96048	226.28821	-1.31134	4.82471	4.99974	-8.59312	41.65569	-0.38502
41.39497	229.64290	-2.56551	3.35469	4.22324	4.09622	36.01779	-0.74678
40.52433	231.28400	-0.87064	1.64110	1.85774	22.20155	28.27100	0.58838
41.64798	231.39742	1.12365	0.11342	1.12936	-9.46019	16.80893	0.72348
41.58408	231.32394	-0.06390	-0.07348	0.09738	-112.18296	10.52747	-3.43354
40.82481	230.64726	-0.75926	-0.67668	1.01704	-136.77666	5.36970	3.79075
39.53250	228.62222	-1.29231	-2.02504	2.40226	-7.27870	2.12381	15.22371
38.81543	227.35217	-0.71707	-1.27005	1.45850	15.74681	4.28715	82.99467
38.97954	225.98105	0.16410	-1.37112	1.38091	3.09575	6.03802	37.78484
38.30418	225.55481	-0.67535	-0.42624	0.79861	36.27397	6.63631	-2.73642
37.61737	225.41965	-0.68681	-0.13516	0.69999	-64.56756	6.13316	-3.39156
36.65707	225.73474	-0.96030	0.31509	1.01067	-21.12436	4.07500	-1.91225
35.71867	226.76695	-0.93840	1.03221	1.39501	-29.29870	3.15157	-13.34861
35.83369	226.94990	0.11502	0.18295	0.21610	-29.55991	3.29166	-34.41839
36.09000	226.95250	0.25631	0.00260	0.25632	-74.43105	2.61842	-27.81910
36.61642	226.66011	0.52642	-0.29239	0.60217	-57.26229	1.59394	-15.14427
36.58293	226.50000	-0.03349	-0.16011	0.16357	-29.63048	0.76884	-18.83730
36.70217	226.42775	0.11924	-0.07225	0.13942	-72.76383	1.04035	-33.36682
36.81352	225.59421	0.11135	-0.83354	0.84094	70.60058	1.67271	-114.56287
37.04243	224.03578	0.22892	-1.55843	1.57515	-51.17888	3.06829	-35.11357
36.47238	223.37140	-0.57005	-0.66438	0.87542	0.74774	3.29186	-17.77352
36.53263	222.79037	0.06025	-0.58103	0.58415	-48.98651	3.70997	-20.59181
36.75154	221.50539	0.21890	-1.28498	1.30349	46.55081	4.92261	1.73104
37.27965	220.46327	0.52812	-1.04212	1.16830	3.74716	5.15207	1.35137
37.47255	218.75000	0.19290	-1.71327	1.72409	17.20687	5.30325	4.61640
37.38198	218.13745	-0.09057	-0.61255	0.61921	-20.45084	5.31240	-0.53892
38.00034	217.84904	0.61837	-0.28841	0.68232	-14.83475	5.15470	5.20676
37.12237	218.31987	-0.87797	0.47083	0.99625	73.40628	3.20703	6.68399
38.51109	217.76816	1.38872	-0.55171	1.49430	176.80136	2.96312	-9.90280
40.35627	216.47830	1.84518	-1.28986	2.25132	-173.46357	3.67103	17.91637
47.72193	215.23544	7.36565	-1.24286	7.46978	-13.28832	10.73947	27.21376
51.07511	213.97256	3.35318	-1.26288	3.58311	25.37747	13.63732	22.55254
53.16909	214.10085	2.09398	0.12829	2.09791	-11.05974	16.59209	-0.83703
55.88555	214.52846	2.71646	0.42761	2.74991	24.14335	17.67392	1.78347
59.54870	216.09244	3.66315	1.56398	3.98305	5.43987	19.19631	4.16860
63.22869	217.50972	3.67999	1.41728	3.94347	14.17428	15.67265	9.41050
68.65497	219.76921	5.42628	2.25949	5.87791	-2.05676	18.51088	9.49550
72.20197	220.85930	3.54700	1.09009	3.71073	1.54342	20.19720	9.90533
76.08993	221.89856	3.88796	1.03926	4.02446	-5.52309	21.50663	1.30055
79.82885	222.51929	3.73892	0.62073	3.79010	-2.11822	21.27413	0.49121
89.25117	222.83788	9.42232	0.31859	9.42770	-5.53922	26.56236	-2.45724
95.99302	221.80950	6.74185	-1.02838	6.81983	-7.48962	27.41408	-6.01209
102.95265	218.86148	6.95963	-2.94802	7.55826	-10.60942	30.81551	-7.30332
111.87612	216.05704	8.92347	-2.80444	9.35378	-14.28410	36.25982	-7.98537
118.77571	213.95384	6.89959	-2.10320	7.21303	5.51024	39.87762	-5.55366
128.81580	210.48267	10.04009	-3.47117	10.62320	0.49395	41.44890	-3.13256
140.30505	207.53178	11.48925	-2.95089	11.86215	-2.11907	46.55544	-4.93909
147.95380	205.26163	7.64875	-2.27015	7.97853	4.66740	47.01127	-0.51689
154.78262	203.35176	6.82882	-1.90987	7.09087	-2.12644	44.74809	1.04399
160.19173	200.41698	5.40911	-2.93478	6.15397	0.90576	43.57216	0.32056
165.34780	198.91478	5.15607	-1.50220	5.37044	-12.85746	38.31975	-1.60518
170.11867	197.03934	4.77087	-1.87544	5.12625	12.23933	31.60606	0.52959
174.88112	196.07938	4.76245	-0.95996	4.85824	-5.21664	28.44986	-1.81829
176.82460	195.35995	1.94348	-0.71943	2.07236	10.06358	23.44606	0.55929
179.95538	193.76610	3.13078	-1.59385	3.51314	-8.91703	20.85272	-1.09980
182.64262	191.67410	2.68724	-2.09200	3.40554	-6.66685	18.74935	1.33008
182.57892	189.58790	-0.06370	-2.08620	2.08717	-10.92033	14.51833	-4.11804
179.29352	188.91945	-3.28540	-0.66845	3.35271	-53.84838	8.41034	-8.16294
178.24440	188.85965	-1.04912	-0.05980	1.05082	-76.75061	6.65355	-27.47587
175.81448	189.46378	-2.42992	0.60413	2.50389	-8.23813	5.97135	-19.32291
171.84482	190.55310	-3.96966	1.08932	4.11641	-17.22421	10.85583	-56.22582
170.65349	190.92465	-1.19133	0.37155	1.24792	-1.38302	12.00012	-40.16820
168.35880	191.83110	-2.29469	0.90645	2.46724	-1.97667	11.31573	-12.32279
168.44023	192.11325	0.08143	0.28215	0.29367	-4.23348	10.32994	-8.51478
168.34221	192.27853	-0.09802	0.16528	0.19216	-84.54338	7.98484	-3.44838
168.72089	192.08081	0.37868	-0.19772	0.42719	46.76866	3.47748	-2.28215
168.93349	191.65044	0.21260	-0.43037	0.48002	-148.24063	1.86686	-5.41921
169.79182	191.25056	0.85833	-0.39988	0.94691	-36.14054	1.54615	3.18190
172.08752	190.20894	2.29570	-1.04162	2.52095	38.73099	4.11450	-179.17535
173.09142	189.60416	1.00390	-0.60478	1.17200	0.57488	5.45044	-5.51612
173.89258	188.92618	0.80116	-0.67798	1.04953	-6.66099	6.05789	-1.81488
178.95175	187.59265	5.05917	-1.33353	5.23197	-9.17346	10.80885	-1.99769
186.90495	186.33469	7.95320	-1.25796	8.05207	25.47296	17.80520	9.33249
198.37834	185.40997	11.47339	-0.92472	11.51059	5.77851	26.72522	6.02279
209.81564	182.87526	11.43730	-2.53471	11.71480	4.38013	37.33559	5.68255
220.48573	179.61650	10.67009	-3.25876	11.15663	-7.88790	47.51412	-0.03847
233.66951	176.05998	13.18378	-3.55652	13.65507	-4.48743	55.91990	-0.91634
247.35100	173.42992	13.68149	-2.63006	13.93199	1.88622	61.80824	-0.60248
259.31085	170.75900	11.95985	-2.67092	12.25446	4.21551	62.66914	-0.14946
271.56668	167.61253	12.25583	-3.14647	12.65329	-1.70744	63.60929	-1.46860
285.53513	164.32460	13.96845	-3.28793	14.35019	-1.80977	66.82265	-0.36341
299.66718	162.46114	14.13205	-1.86346	14.25438	1.15339	67.38413	0.65433
313.71674	161.11996	14.04956	-1.34118	14.11343	5.73361	67.49775	1.58610
328.30630	159.66635	14.58956	-1.45361	14.66180	2.05875	69.88146	1.13469
339.65445	157.48944	11.34815	-2.17691	11.55506	-0.23684	68.83619	1.37469
351.75113	155.00836	12.09668	-2.48108	12.34850	-5.16930	66.86816	0.67687
363.54320	151.85457	11.79207	-3.15379	12.20653	-0.73175	64.75064	0.44798
376.17032	149.91565	12.62712	-1.93892	12.77512	-3.38246	63.45066	-1.41926
387.95926	149.43596	11.78894	-0.47969	11.79870	6.24362	60.52385	-0.74289
398.48633	149.29994	10.52707	-0.13602	10.52795	6.39963	59.39914	0.43933
410.58850	146.92459	12.10217	-2.37535	12.33308	1.58979	59.39010	1.80672
419.25616	142.81810	8.66766	-4.10649	9.59122	-10.36428	56.44105	0.10176
429.37393	141.44550	10.11777	-1.37260	10.21045	-14.24571	53.87363	-1.38998
441.07114	140.67513	11.69721	-0.77037	11.72255	17.62455	53.82958	0.16725
452.46268	140.31647	11.39154	-0.35866	11.39718	3.95769	54.71882	-0.32090
465.69920	138.31790	13.23652	-1.99857	13.38655	1.96467	55.77871	-0.08270
478.52634	135.65169	12.82714	-2.66621	13.10131	-6.78283	59.70186	0.57308
489.79126	131.77017	11.26492	-3.88152	11.91489	-3.15595	61.18714	1.98202
497.82560	128.96610	8.03434	-2.80407	8.50961	-7.27014	57.94972	-2.20397
507.04608	127.25159	9.22048	-1.71451	9.37853	-0.22727	56.12521	-2.55897
517.18450	127.07878	10.13842	-0.17281	10.13989	8.70592	52.69776	-1.80370
526.02400	125.77984	8.83950	-1.29894	8.93443	9.55709	48.51269	1.14650
531.78766	124.17069	5.76366	-1.60915	5.98408	-7.38311	42.67845	0.57323
534.50420	123.30566	2.71654	-0.86503	2.85094	-7.23956	37.11280	1.48412
534.84250	123.60123	0.33830	0.29557	0.44923	-2.06379	28.03509	1.48402
532.89780	124.78406	-1.94470	1.18283	2.27617	58.80682	15.87997	1.29145
531.04315	125.60976	-1.85465	0.82570	2.03015	107.54692	5.02203	-0.82702
530.95470	125.27118	-0.08845	-0.33858	0.34995	7.31026	1.38019	6.36781
532.31890	123.97874	1.36420	-1.29244	1.87921	99.35851	2.28661	129.06267
534.63450	122.70574	2.31560	-1.27300	2.64245	61.18775	0.91933	35.75906
536.93040	121.15609	2.29590	-1.54965	2.76994	14.65295	5.42439	94.04257
538.29474	120.35281	1.36434	-0.80328	1.58325	-5.21816	8.95662	61.09999
543.93970	119.75754	5.64496	-0.59527	5.67626	3.52971	14.10711	6.03667
547.20420	119.74451	3.26450	-0.01303	3.26453	24.46854	15.47581	12.93293
548.81870	119.50622	1.61450	-0.23829	1.63199	5.79106	14.54058	7.12809
550.67365	118.83123	1.85495	-0.67499	1.97394	-8.16740	13.93850	3.16734
552.02110	117.86248	1.34745	-0.96875	1.65955	-11.59971	13.95044	3.10995
552.69030	117.44854	0.66920	-0.41394	0.78688	-15.71854	9.05011	-0.68167
553.53750	116.70769	0.84720	-0.74085	1.12544	3.97501	7.02374	-4.49845
555.68210	115.83485	2.14460	-0.87284	2.31542	-9.42943	7.78365	-10.83618
557.96470	114.65769	2.28260	-1.17716	2.56826	19.02264	8.40106	-2.52545
559.58405	113.40177	1.61935	-1.25592	2.04930	-5.13457	8.78044	-1.64445
562.12616	111.11332	2.54211	-2.28845	3.42043	-10.51548	11.36532	-0.74490
563.78450	109.01462	1.65834	-2.09870	2.67481	-4.19797	12.81344	-3.34478
561.03235	108.53345	-2.75215	-0.48117	2.79390	-9.69102	9.05183	-3.02053
560.53500	108.52964	-0.49735	-0.00381	0.49736	-118.39788	6.64526	-16.86927
561.67290	107.15985	1.13790	-1.36979	1.78077	-9.47812	6.58216	-13.47812
563.43670	105.40086	1.76380	-1.75899	2.49099	129.27788	5.86086	-4.25199
565.33160	102.73796	1.89490	-2.66290	3.26828	5.36144	6.46452	-5.58167
567.02290	100.70609	1.69130	-2.03187	2.64367	-9.64286	9.85669	0.92544
569.59460	97.61540	2.57170	-3.09069	4.02069	4.33808	14.18439	23.58155
571.67914	94.12246	2.08454	-3.49294	4.06767	-0.01026	16.43467	2.26703
573.55920	90.81668	1.88006	-3.30578	3.80300	-8.93501	17.75284	-2.18874
575.71950	86.66738	2.16030	-4.14930	4.67799	-1.20048	19.13562	-2.74285
578.06830	81.50076	2.34880	-5.16662	5.67546	-2.12433	22.15503	-1.88519
579.51430	75.40478	1.44600	-6.09598	6.26513	-3.05633	24.32513	-2.97417
579.28490	70.22311	-0.22940	-5.18167	5.18674	-11.10280	25.08040	-5.83766
579.65450	67.03854	0.36960	-3.18457	3.20595	-15.87916	24.54695	-6.41326
580.41870	64.72842	0.76420	-2.31012	2.43324	9.15501	22.43658	-3.27558
580.48346	65.66692	0.06476	0.93849	0.94072	11.68442	16.01698	-2.28789
580.77230	66.23730	0.28884	0.57038	0.63935	157.74808	9.25339	-3.41719
580.80835	63.42348	0.03605	-2.81382	2.81405	-22.91006	6.96821	-0.85900
578.95654	62.42966	-1.85181	-0.99382	2.10164	-152.40852	4.66143	4.81493
578.94120	61.96353	-0.01534	-0.46613	0.46638	-62.51261	3.13491	-21.23983
579.48157	61.28032	0.54037	-0.68321	0.87108	59.89370	4.49956	-19.50775
580.19324	60.44617	0.71167	-0.83415	1.09648	40.22623	5.82001	15.25353
580.94730	59.84709	0.75406	-0.59908	0.96307	2.12847	3.57909	7.15548
581.60730	58.30194	0.66000	-1.54515	1.68021	11.06415	4.90557	7.93501
582.33000	56.86331	0.72270	-1.43863	1.60995	-28.40459	6.12341	30.48303
582.84020	54.91631	0.51020	-1.94700	2.01274	3.54348	7.19590	0.89377
583.23010	53.11690	0.38990	-1.79941	1.84117	-11.98898	7.93352	-5.77870
583.52440	51.13548	0.29430	-1.98141	2.00315	-2.45791	9.08480	-5.31652
583.55050	49.19197	0.02610	-1.94351	1.94369	-3.77757	9.31491	-6.02705
585.47440	45.34934	1.92390	-3.84263	4.29735	-7.67899	11.93561	-4.43845
585.54280	44.68470	0.06840	-0.66464	0.66815	25.82645	10.58253	3.23367
585.80660	44.36561	0.26380	-0.31909	0.41401	-20.72002	9.12268	-0.47839
585.86080	43.17443	0.05420	-1.19118	1.19241	33.70577	8.29681	1.60887
586.07040	42.03687	0.20960	-1.13756	1.15671	-36.97638	7.58586	-0.04932
585.92440	41.53294	-0.14600	-0.50394	0.52466	7.83469	3.84284	3.04553
586.21936	40.62651	0.29496	-0.90643	0.95321	-26.59721	4.11420	-12.67655
586.74310	40.51681	0.52374	-0.10970	0.53511	34.18270	3.96110	2.74018
586.95074	39.34648	0.20764	-1.17033	1.18861	60.14452	3.98010	4.21058
586.58136	38.82547	-0.36938	-0.52101	0.63867	-68.10917	3.25180	2.21777
585.87510	37.30185	-0.70626	-1.52362	1.67935	-45.39600	4.23138	-6.85292
585.20715	36.26030	-0.66795	-1.04154	1.23732	10.46561	4.48200	-9.70800
585.60150	36.17609	0.39435	-0.08421	0.40324	-7.80274	4.48832	-12.38464
585.60474	36.53618	0.00324	0.36009	0.36010	110.61855	3.11601	-1.68279
585.15170	37.41251	-0.45304	0.87633	0.98651	101.53831	2.01006	-10.85720
585.31160	38.05429	0.15990	0.64177	0.66139	27.85322	0.94005	-19.74456
584.45330	40.09145	-0.85830	2.03716	2.21059	-41.32828	3.90461	-97.83385
583.39435	40.98570	-1.05895	0.89425	1.38602	36.83731	5.29186	-25.69758
582.48236	41.10547	-0.91199	0.11977	0.91982	26.97323	5.53423	13.51880
581.40900	40.97944	-1.07336	-0.12603	1.08073	32.69831	5.17018	9.69576
580.47906	41.45195	-0.92994	0.47251	1.04310	14.17880	5.90742	12.03119
578.66340	43.55687	-1.81566	2.10492	2.77980	-33.63280	6.74775	8.51215
576.66540	46.17130	-1.99800	2.61442	3.29047	-22.28390	8.49524	4.20857
574.88020	48.87927	-1.78520	2.70797	3.24347	-3.39253	10.87312	-6.71755
573.01447	49.97554	-1.86573	1.09627	2.16397	-3.99345	12.30439	-8.02029
570.71330	51.18908	-2.30117	1.21354	2.60155	26.16778	13.79064	-1.34163
569.89130	50.75888	-0.82200	-0.43020	0.92777	2.63264	11.34983	2.06530
569.38860	50.16221	-0.50270	-0.59667	0.78021	55.43063	8.29935	5.52943
569.23430	49.77016	-0.15430	-0.39205	0.42132	22.26030	5.71576	10.64418
569.74100	51.12253	0.50670	1.35237	1.44418	18.63119	3.46860	19.77531
569.72986	51.99208	-0.01114	0.86955	0.86962	-179.05663	1.26963	-10.34290
569.51666	52.81389	-0.21320	0.82181	0.84902	21.27370	2.08888	-19.92241
568.72705	52.51268	-0.78961	-0.30121	0.84511	13.80944	2.44179	-40.43582
561.92834	51.37136	-6.79871	-1.14132	6.89384	96.33676	7.47937	5.38759
560.45416	51.53564	-1.47418	0.16428	1.48330	-11.35067	9.29602	61.91876
560.12494	51.76202	-0.32922	0.22638	0.39954	-15.88803	9.60767	9.81473
560.06310	51.89494	-0.06184	0.13292	0.14660	-28.15441	9.49812	3.91914
560.12890	54.18387	0.06580	2.28893	2.28988	-30.53790	8.75906	4.17998
558.93760	52.71636	-1.19130	-1.46751	1.89018	-26.59581	3.27926	-16.55133
557.92360	51.69838	-1.01400	-1.01798	1.43683	142.57756	2.53579	-13.21516
556.56990	49.46362	-1.35370	-2.23476	2.61279	-5.81879	4.23331	20.53471
554.84814	49.02945	-1.72176	-0.43417	1.77566	13.68259	5.95036	36.56303
553.97394	50.15460	-0.87420	1.12515	1.42485	-44.64162	7.35653	-4.09565
551.31244	48.69931	-2.66150	-1.45529	3.03339	-66.30721	8.61857	4.42260
548.37290	48.52912	-2.93954	-0.17019	2.94446	80.82365	10.06281	-5.42935
545.55490	49.12227	-2.81800	0.59315	2.87975	-25.35599	11.02029	-9.42326
541.39886	49.70869	-4.15604	0.58642	4.19721	-15.20004	13.46642	-16.58268
531.74115	48.70981	-9.65771	-0.99888	9.70923	3.85501	22.27969	-4.66622
522.80010	49.08086	-8.94105	0.37105	8.94875	13.93651	28.51489	6.60933
509.53418	50.06884	-13.26592	0.98798	13.30266	-8.28142	38.86923	-4.48480
496.69750	51.84943	-12.83668	1.78059	12.95958	-1.88285	48.93345	-1.50356
481.01547	54.28885	-15.68203	2.43942	15.87063	-3.63791	60.55685	-0.92462
467.58264	55.57595	-13.43283	1.28710	13.49435	-0.94465	64.52487	-1.14279
456.03360	56.75095	-11.54904	1.17500	11.60866	3.36858	67.20562	-1.77080
443.84067	58.37322	-12.19293	1.62227	12.30038	-0.33604	66.21631	-0.44492
430.71796	60.56978	-13.12271	2.19656	13.30528	-1.76945	66.55332	-0.65123
417.83798	63.85067	-12.87998	3.28088	13.29128	-1.92372	63.89698	-0.32441
405.61487	65.76326	-12.22311	1.91259	12.37184	-4.78845	62.79957	-1.07730
392.89260	66.09947	-12.72227	0.33621	12.72671	5.39772	63.82931	-0.72943
382.06560	64.92625	-10.82700	-1.17322	10.89038	7.37937	62.12167	0.91383
372.97275	63.83311	-9.09285	-1.09313	9.15832	7.69827	57.83735	2.36668
363.64484	63.23645	-9.32791	-0.59667	9.34697	0.67068	54.19662	2.82073
353.38968	62.33196	-10.25516	-0.90449	10.29497	-3.19518	52.33779	3.88385
346.09155	59.40861	-7.29813	-2.92335	7.86185	1.38039	47.27691	3.10969
339.19443	55.92780	-6.89712	-3.48080	7.72569	16.78880	43.80536	4.37705
333.31638	51.97327	-5.87805	-3.95454	7.08448	4.94978	41.39183	3.71792
325.52847	47.98332	-7.78791	-3.98995	8.75050	7.15228	41.05503	4.79608
318.06787	45.43595	-7.46060	-2.54737	7.88351	-6.80398	39.15489	5.15983
308.52924	41.66050	-9.53863	-3.77544	10.25863	-8.27510	41.54422	3.75395
305.94150	44.24387	-2.58774	2.58337	3.65653	2.74181	35.24587	-0.27327
303.21150	44.30018	-2.73000	0.05631	2.73058	-66.54553	31.06735	-5.93091
300.55844	42.46674	-2.65306	-1.83345	3.22494	43.77000	25.57215	-5.06070
303.95773	44.59815	3.39929	2.13142	4.01224	35.82872	14.13499	-1.84088
303.50480	43.87213	-0.45293	-0.72602	0.85572	177.44133	5.48965	-9.06017
303.00275	43.40042	-0.50205	-0.47171	0.68889	-154.04650	3.05740	-27.15581
302.71000	43.44793	-0.29275	0.04751	0.29658	-14.82639	0.98886	39.77196
301.76184	42.01260	-0.94816	-1.43532	1.72022	-52.43346	1.28624	43.51170
298.20654	42.00716	-3.55530	-0.00545	3.55530	65.76953	6.30789	99.79897
293.36154	43.83460	-4.84500	1.82745	5.17818	-56.46383	10.14333	-135.07252
293.17508	44.72208	-0.18646	0.88748	0.90685	-20.75336	9.91614	-24.04029
292.47272	44.44176	-0.70236	-0.28032	0.75623	-57.46912	10.28541	-7.87138
296.43536	42.81726	3.96264	-1.62451	4.28270	99.89184	5.38692	2.11448
296.08430	41.01440	-0.35106	-1.80286	1.83672	135.95137	2.34296	-3.04560
298.79486	39.20679	2.71056	-1.80761	3.25800	-78.72750	7.13706	33.66016
301.42760	36.61473	2.63274	-2.59206	3.69461	67.32061	11.56863	114.50777
301.84485	34.19331	0.41725	-2.42141	2.45710	-10.85558	13.88768	-4.06902
301.28503	34.48567	-0.55982	0.29236	0.63156	-35.66905	9.64026	-3.06571
302.53460	34.24108	1.24957	-0.24459	1.27328	-127.35202	9.35330	-12.23975
304.05400	34.20573	1.51940	-0.03534	1.51981	-163.50013	7.25735	13.39775
303.98798	34.84742	-0.06602	0.64168	0.64507	9.74262	3.11110	2.84022
304.65340	34.44861	0.66542	-0.39880	0.77578	97.20678	2.82013	8.94358
304.93940	33.18609	0.28600	-1.26252	1.29451	-126.80964	3.87857	39.80944
306.33585	32.07359	1.39645	-1.11251	1.78542	-46.30076	4.37579	-24.77048
306.95493	31.59547	0.61908	-0.47811	0.78221	38.69296	3.90242	-10.11544
306.96110	30.82606	0.00617	-0.76941	0.76944	0.86448	5.00107	-12.28892
306.96542	30.31942	0.00432	-0.50665	0.50666	-51.86184	4.73241	-11.54234
308.09644	29.63280	1.13102	-0.68661	1.32312	0.02908	4.75318	-7.23139
309.09296	26.80032	0.99652	-2.83248	3.00266	58.25054	5.95054	12.37522
309.25204	28.24545	0.15908	1.44512	1.45385	-39.35624	4.06194	-14.01789
309.06058	29.58174	-0.19146	1.33630	1.34994	154.33531	2.44052	6.83571
307.94440	31.38576	-1.11618	1.80402	2.12140	14.43551	1.44758	24.90723
309.15134	31.34799	1.20694	-0.03777	1.20753	23.59218	2.01362	78.10025
309.91266	32.71472	0.76132	1.36673	1.56447	-123.53841	5.97093	10.96116
308.91846	33.09983	-0.99420	0.38511	1.06618	62.67309	4.86583	23.70238
308.70883	33.01794	-0.20963	-0.08189	0.22506	97.94533	3.45415	11.82162
308.48370	33.21055	-0.22513	0.19261	0.29628	42.51108	1.90281	1.91375
307.68463	31.27011	-0.79907	-1.94044	2.09853	-61.88557	1.46878	-22.30937
311.70435	30.59277	4.01972	-0.67734	4.07639	108.16686	2.77719	109.50405
311.38358	32.51940	-0.32077	1.92663	1.95315	102.81708	2.53253	127.13701
311.22050	33.79373	-0.16308	1.27433	1.28472	109.01734	2.62875	36.57423
309.22598	34.60213	-1.99452	0.80841	2.15212	-2.15996	1.57718	30.41387
306.95462	37.11585	-2.27136	2.51371	3.38789	60.64396	5.89114	44.75970
307.16730	37.07939	0.21268	-0.03645	0.21578	-25.83603	7.91588	35.19393
307.57205	36.92487	0.40475	-0.15453	0.43325	-141.82572	5.82545	27.85256
309.17743	37.80485	1.60538	0.87998	1.83074	-11.17118	4.50147	5.89501
309.91780	38.78566	0.74037	0.98081	1.22888	49.62551	4.24034	-13.87368
310.52936	40.30125	0.61156	1.51559	1.63433	24.22325	4.78807	-36.38198
309.53200	42.16253	-0.99736	1.86128	2.11166	15.07283	5.60625	-38.90628
309.80496	44.84144	0.27296	2.67891	2.69278	50.15917	8.22545	23.34809
310.11078	48.73017	0.30582	3.88873	3.90073	-34.00238	10.96511	9.19671
309.58704	52.98543	-0.52374	4.25526	4.28737	1.32127	14.20362	10.86845
308.98000	57.98426	-0.60704	4.99883	5.03555	11.51335	17.75076	6.21729
305.48434	61.70013	-3.49566	3.71587	5.10170	-0.09281	19.95247	3.67302
301.92194	65.21320	-3.56240	3.51307	5.00324	36.32710	21.84378	6.69716
299.81107	69.68510	-2.11087	4.47190	4.94507	2.14844	23.34938	9.44981
300.15497	73.84986	0.34390	4.16476	4.17893	-20.13075	22.89734	5.02055
297.32240	78.01472	-2.83257	4.16486	5.03682	-29.98911	23.17583	-1.84886
295.21155	83.96821	-2.11085	5.95349	6.31662	38.94050	24.52341	5.87309
295.16880	87.41019	-0.04275	3.44198	3.44225	-14.69777	23.20154	-5.43415
295.37213	89.91164	0.20333	2.50145	2.50970	-18.81072	20.70790	-7.84330
296.80740	92.33730	1.43527	2.42566	2.81848	-5.35865	18.78807	-4.54372
298.36484	95.90802	1.55744	3.57072	3.89560	-25.96590	17.92364	-2.11447
298.94028	101.08776	0.57544	5.17974	5.21161	7.04762	17.52091	-13.59770
297.83356	103.99568	-1.10672	2.90792	3.11140	17.22610	16.79820	-8.95322
297.24493	106.19353	-0.58863	2.19786	2.27531	27.17548	16.38925	3.15983
298.45142	108.42508	1.20649	2.23154	2.53681	-5.84313	16.17157	2.56608
297.40720	111.85707	-1.04422	3.43199	3.58733	-43.39108	15.97777	0.72669
295.58008	114.66429	-1.82712	2.80722	3.34946	45.32092	13.98618	9.27096
295.21262	116.37196	-0.36746	1.70767	1.74675	16.13573	12.65075	10.46526
292.16430	120.55846	-3.04832	4.18650	5.17871	-20.91480	15.23692	-1.94444
290.84800	124.18279	-1.31630	3.62433	3.85596	23.91561	17.49621	7.52088
290.31270	126.80778	-0.53530	2.62499	2.67901	-16.09926	16.54858	6.28045
289.68793	129.18645	-0.62477	2.37867	2.45935	-8.43425	15.67197	-0.37271
287.88168	131.85802	-1.80625	2.67157	3.22488	3.19064	17.13362	-3.30143
287.50960	132.88920	-0.37208	1.03118	1.09626	19.34603	13.18004	3.24826
290.69880	130.98476	3.18920	-1.90444	3.71455	-14.22172	6.80361	-4.65149
291.22855	129.25227	0.52975	-1.73249	1.81167	-140.68459	2.61042	-19.42432
291.63876	128.03110	0.41021	-1.22117	1.28823	-42.15408	2.26728	-21.79548
292.19290	127.37051	0.55414	-0.66059	0.86224	1.56574	6.22289	-100.09660
292.44583	127.34532	0.25293	-0.02519	0.25418	21.42381	7.42300	-15.51231
292.64352	128.36732	0.19769	1.02200	1.04094	44.32070	3.26082	-2.17055
293.36102	131.61098	0.71750	3.24366	3.32207	84.73972	3.17977	-5.06982
294.50415	135.53575	1.14313	3.92477	4.08786	-1.52525	8.03307	101.27198
294.93256	141.16480	0.42841	5.62905	5.64533	-3.76573	14.06372	21.21858
296.96762	148.92360	2.03506	7.75880	8.02125	11.88653	22.04697	9.66438
300.08737	155.17172	3.11975	6.24812	6.98368	-10.34486	27.81882	-0.60200
302.93080	163.33669	2.84343	8.16497	8.64591	-11.83635	33.13761	-3.68527
307.51150	170.25006	4.58070	6.91337	8.29322	7.33288	37.07121	-1.26497
309.85562	174.53166	2.34412	4.28160	4.88129	-14.32734	36.55195	-3.75535
312.33307	176.42786	2.47745	1.89620	3.11983	4.82776	31.50526	-3.55537
313.88492	174.45720	1.55185	-1.97066	2.50833	-23.87002	23.71291	-5.09402
314.59082	171.75407	0.70590	-2.70313	2.79378	-89.21023	14.38083	-6.39112
314.31082	169.53383	-0.28000	-2.22024	2.23783	-23.58416	6.83694	-18.59310
313.30980	166.90851	-1.00102	-2.62532	2.80969	-21.82324	8.36922	-41.83883
312.97800	166.36550	-0.33180	-0.54301	0.63636	-13.68380	10.08301	-59.61063
313.13530	165.13367	0.15730	-1.23183	1.24183	-10.55496	9.35362	-20.70884
313.71518	164.26527	0.57988	-0.86840	1.04421	38.70360	7.53982	-8.26400
313.74905	163.51239	0.03387	-0.75288	0.75364	26.45622	6.04759	-2.07238
314.80548	163.77266	1.05643	0.26027	1.08802	-31.15744	3.47428	1.33914
314.05743	162.35574	-0.74805	-1.41692	1.60226	101.26435	4.15251	30.82933
315.45526	161.91382	1.39783	-0.44192	1.46602	-131.67160	3.96858	-10.43247
315.94507	160.38730	0.48981	-1.52652	1.60318	100.28720	4.47337	20.70655
318.26750	159.64201	2.32243	-0.74529	2.43909	-54.66607	5.94947	-5.87389
320.52588	159.33948	2.25838	-0.30253	2.27855	54.41834	7.23713	19.51801
321.96255	158.69368	1.43667	-0.64580	1.57514	10.16208	8.71215	2.80758
324.86860	158.42491	2.90605	-0.26877	2.91845	-16.57462	10.03910	12.91886
328.99396	158.62358	4.12536	0.19867	4.13014	18.92043	13.16754	4.51956
336.36950	160.50310	7.37554	1.87952	7.61125	8.04118	18.12247	12.63886
342.25607	159.96680	5.88657	-0.53630	5.91095	11.53935	21.73924	10.42103
347.92938	156.80157	5.67331	-3.16523	6.49655	-19.50209	26.03567	-1.06985
353.51865	152.65463	5.58927	-4.14694	6.95967	-23.95224	29.22536	-5.82116
357.65100	147.23941	4.13235	-5.41522	6.81182	-7.41560	30.83545	-7.21978
359.54816	143.96924	1.89716	-3.27017	3.78064	-16.07933	28.47137	-10.27838
361.70306	142.25066	2.15490	-1.71858	2.75629	-7.22744	26.30679	-13.83539
362.78412	141.27505	1.08106	-0.97561	1.45620	21.30709	21.48805	-6.83229
364.00574	140.73420	1.22162	-0.54085	1.33599	-3.49176	15.87689	-3.93329
364.93073	140.66324	0.92499	-0.07096	0.92771	18.18439	9.81022	-2.39335
366.20956	140.30061	1.27883	-0.36263	1.32925	19.49368	7.60481	6.56685
367.04172	139.93047	0.83216	-0.37014	0.91077	-11.44461	5.82105	13.25032
367.24896	139.48798	0.20724	-0.44249	0.48862	-8.14780	4.80920	5.35304
362.17932	140.70420	-5.06964	1.21622	5.21349	-40.92475	1.82667	1.67589
360.14398	142.00540	-2.03534	1.30120	2.41573	-128.58648	4.97135	-157.24502
358.71494	143.95248	-1.42904	1.94708	2.41522	-19.10047	8.33699	-16.60403
355.40042	145.41942	-3.31452	1.46694	3.62463	-21.13264	12.87045	-10.31538
354.47452	146.77702	-0.92590	1.35760	1.64328	29.85034	14.70770	0.73419
351.67468	147.37117	-2.79984	0.59415	2.86219	-31.83231	12.44170	-4.46471
351.83118	148.06499	0.15650	0.69382	0.71125	43.72461	10.28695	-2.69314
349.50772	148.15541	-2.32346	0.09042	2.32522	-90.73015	10.12114	-3.68803
348.39825	147.72844	-1.10947	-0.42697	1.18879	100.48247	7.37306	11.55422
347.22513	145.25041	-1.17312	-2.47803	2.74169	23.27740	7.40839	6.28547
343.74313	141.31825	-3.48200	-3.93216	5.25226	43.61794	9.97734	30.14223
341.76767	139.46883	-1.97546	-1.84942	2.70607	-16.19222	13.23511	25.45701
339.57706	137.87532	-2.19061	-1.59351	2.70888	-5.36189	14.29329	3.15479
337.03170	136.56299	-2.54536	-1.31233	2.86375	-7.07946	15.93316	5.48685
335.14120	134.40440	-1.89050	-2.15859	2.86941	-8.75857	16.23753	-1.50186
333.81387	131.92345	-1.32733	-2.48095	2.81370	21.51341	13.66940	-2.57887
332.72476	130.84467	-1.08911	-1.07878	1.53295	13.06481	12.49601	1.50596
331.64224	129.73427	-1.08252	-1.11040	1.55075	-17.12584	11.36829	0.22648
331.43356	127.66997	-0.20868	-2.06430	2.07482	1.00141	10.50832	2.09277
328.39136	123.56175	-3.04220	-4.10823	5.11200	38.49917	12.77198	12.07466
326.40796	121.78819	-1.98340	-1.77356	2.66071	-30.74802	12.55273	0.28700
323.33215	121.29240	-3.07581	-0.49579	3.11551	-11.67649	13.39653	-4.25252
321.36580	120.82108	-1.96635	-0.47132	2.02205	-32.64631	13.60331	-8.36127
320.59558	120.48599	-0.77022	-0.33509	0.83995	4.32234	13.00275	-4.54638
319.88654	121.02799	-0.70904	0.54200	0.89247	10.03272	8.87423	-7.39796
320.27980	123.12291	0.39326	2.09492	2.13151	-60.90661	6.27183	-16.94868
321.38630	123.23852	1.10650	0.11561	1.11252	-63.23708	2.75204	-28.87703
321.32007	123.04277	-0.06623	-0.19575	0.20666	-73.40310	2.22216	-32.71686
321.12640	121.25129	-0.19367	-1.79148	1.80192	-114.65730	0.93137	-43.81677
320.35413	119.10021	-0.77227	-2.15108	2.28551	12.52221	1.98368	-35.92475
318.86130	118.74222	-1.49283	-0.35799	1.53515	-13.57884	4.60463	-131.62043
318.57324	117.93645	-0.28806	-0.80577	0.85571	-56.76586	6.00210	-31.57633
318.58008	117.55209	0.00684	-0.38436	0.38443	56.84285	6.13638	-10.00624
319.27185	118.62992	0.69177	1.07783	1.28073	20.69141	3.21106	1.42821
320.39990	120.26196	1.12805	1.63204	1.98395	146.28744	1.16265	-8.75803
320.63210	121.62611	0.23220	1.36415	1.38377	-1.95880	3.38416	-146.97774
320.41940	120.60282	-0.21270	-1.02329	1.04516	24.99178	3.24312	-29.29510
320.90573	121.67721	0.48633	1.07439	1.17933	177.91783	4.73553	-3.14703
321.59546	122.39738	0.68973	0.72017	0.99718	167.38803	4.42639	5.28495
322.28506	123.90061	0.68960	1.50323	1.65386	-19.40895	4.09800	-2.25120
322.07560	123.95648	-0.20946	0.05587	0.21678	19.12009	2.74123	4.27616
322.14774	123.97931	0.07214	0.02283	0.07567	99.70809	3.79313	-4.38693
321.38480	122.95557	-0.76294	-1.02374	1.27676	-147.50410	1.36518	4.66854
321.18582	121.89511	-0.19898	-1.06046	1.07897	-144.25615	0.64814	6.56309
321.47012	123.27550	0.28430	1.38039	1.40937	26.06808	1.02708	161.34376
322.37323	123.74806	0.90311	0.47255	1.01927	178.98950	0.36335	-13.30985
322.34894	123.97972	-0.02429	0.23166	0.23293	-50.74140	0.20120	107.50753
321.98276	125.00809	-0.36618	1.02837	1.09162	68.36475	2.13785	35.11898
320.74448	124.19804	-1.23828	-0.81005	1.47970	13.61391	2.34484	73.64087
320.48100	125.73157	-0.26348	1.53353	1.55600	103.59220	2.64776	27.09116
320.97012	126.51646	0.48912	0.78489	0.92482	-113.44285	3.10367	11.08712
320.13184	128.05237	-0.83828	1.53591	1.74978	-41.67889	4.63703	4.94139
320.21220	129.89189	0.08036	1.83952	1.84127	60.55507	5.19484	1.68603
319.46024	130.27565	-0.75196	0.38376	0.84422	-31.12654	6.21181	-8.63583
317.46762	130.08064	-1.99262	-0.19501	2.00214	65.46407	5.29102	-7.99602
316.75440	128.17885	-0.71322	-1.90179	2.03113	32.62684	4.53165	22.78581
316.63388	127.29830	-0.12052	-0.88055	0.88876	63.85315	3.57832	33.76185
315.49610	126.48711	-1.13778	-0.81119	1.39734	12.76374	5.81671	33.68619
316.82376	124.74146	1.32766	-1.74566	2.19317	-46.71925	6.13012	23.66198
317.40488	124.45094	0.58112	-0.29052	0.64969	91.76762	5.63005	28.69966
317.24875	121.32729	-0.15613	-3.12365	3.12755	26.18332	6.86937	24.83454
315.98240	120.35587	-1.26635	-0.97142	1.59602	-66.29955	6.97293	4.76532
314.94937	119.83838	-1.03303	-0.51749	1.15540	-49.64677	6.67118	-9.48778
313.41083	119.79442	-1.53854	-0.04396	1.53917	-10.88349	6.01010	0.66006
311.14774	119.73897	-2.26309	-0.05545	2.26377	-24.97166	7.83291	-29.90067
308.59870	119.50408	-2.54904	-0.23489	2.55984	-0.23307	8.84010	-18.41671
305.90042	119.67141	-2.69828	0.16733	2.70346	3.86127	10.10519	-25.07948
303.20520	119.41532	-2.69522	-0.25609	2.70736	-8.81342	11.75179	-8.01843
302.13132	119.53623	-1.07388	0.12091	1.08067	8.97631	11.28246	-1.82075
301.28410	120.20302	-0.84722	0.66679	1.07814	-11.85172	9.87455	-0.75179
301.22226	120.40021	-0.06184	0.19719	0.20666	-31.77993	7.43067	-4.00486
301.97433	120.76787	0.75207	0.36766	0.83713	-34.38434	4.07632	-4.23308
302.83438	120.97624	0.86005	0.20837	0.88493	-81.35940	1.60436	-8.67708
305.72400	119.72226	2.88962	-1.25398	3.14998	-12.43334	3.59749	-61.03252
308.69843	118.82437	2.97443	-0.89789	3.10700	-37.07793	7.54142	-100.39960
312.63370	118.40195	3.93527	-0.42242	3.95788	6.66145	11.58508	-13.49765
315.55988	117.14758	2.92618	-1.25437	3.18371	10.67068	14.05965	0.60113
318.06982	115.06227	2.50994	-2.08531	3.26317	-17.07673	16.34300	-4.98913
319.36166	113.67188	1.29184	-1.39039	1.89790	-16.51692	14.91955	-6.29331
320.39240	113.25671	1.03074	-0.41517	1.11121	-7.38377	12.95175	-2.70977
319.49496	113.29372	-0.89744	0.03701	0.89820	25.16521	8.55400	-1.53518
320.09146	112.72176	0.59650	-0.57196	0.82641	-160.42277	6.33428	-11.20802
320.12534	112.11611	0.03388	-0.60565	0.60660	138.56472	3.59236	-7.65573
321.53520	112.15997	1.40986	0.04386	1.41054	-43.00117	2.64767	-10.77322
322.64340	111.88403	1.10820	-0.27594	1.14204	88.57992	2.63652	20.27426
323.45697	111.54274	0.81357	-0.34129	0.88226	-15.76373	4.33168	3.44725
324.87515	110.60519	1.41818	-0.93755	1.70007	-8.77587	5.23102	7.53250
325.75198	108.85931	0.87683	-1.74588	1.95370	-10.71055	6.50122	-0.02454
326.24160	106.24918	0.48962	-2.61013	2.65566	-29.86447	7.55563	-6.19577
325.21255	103.85240	-1.02905	-2.39678	2.60835	-16.04276	8.43253	-21.40879
324.30325	102.20941	-0.90930	-1.64299	1.87783	-33.86045	9.37162	-20.78980
323.99280	99.29903	-0.31045	-2.91038	2.92689	-5.72588	11.34054	-12.55738
324.43002	97.43822	0.43722	-1.86081	1.91149	22.87328	11.49734	-9.64341
325.61374	96.73956	1.18372	-0.69866	1.37452	19.31121	9.53032	-2.14004
325.97772	98.44559	0.36398	1.70603	1.74443	46.22738	5.46068	2.82505
325.57690	99.04546	-0.40082	0.59987	0.72145	108.50669	3.41069	11.83238
323.86560	101.80468	-1.71130	2.75922	3.24682	45.79360	2.50888	13.87227
321.17910	104.86852	-2.68650	3.06383	4.07485	-1.94253	8.11035	160.97889
321.11400	108.16453	-0.06510	3.29601	3.29666	9.43802	12.27915	20.72431
321.74182	110.05314	0.62782	1.88861	1.99023	-40.11414	12.35630	-2.13338
322.30150	111.02724	0.55968	0.97410	1.12344	-19.51957	12.42141	-1.44871
321.76150	111.29080	-0.54000	0.26356	0.60089	-11.49194	9.71667	-4.75923
322.68326	111.13952	0.92176	-0.15128	0.93409	93.86420	6.44888	-2.78292
322.95980	110.86814	0.27654	-0.27138	0.38746	-163.30454	3.27360	-25.99433
321.49155	111.11043	-1.46825	0.24229	1.48811	-35.14010	1.08651	-20.83389
322.23510	110.18729	0.74355	-0.92314	1.18535	-144.91023	0.84257	47.63926
322.79272	110.14598	0.55762	-0.04131	0.55915	138.22048	1.54079	162.16279
323.19144	110.41657	0.39872	0.27059	0.48187	46.91330	0.88369	46.53156
323.91727	111.15839	0.72583	0.74182	1.03785	38.39953	1.00050	-6.90723
323.29984	111.54183	-0.61743	0.38344	0.72681	11.46156	1.85904	71.75993
323.43283	112.16054	0.13299	0.61871	0.63284	102.53444	2.30831	-3.44632
323.06920	112.84907	-0.36363	0.68854	0.77866	-70.28964	2.71720	45.32497
321.85513	113.55892	-1.21407	0.70985	1.40636	39.97048	3.41469	25.41700
321.88666	113.95510	0.03153	0.39618	0.39743	31.84645	3.45615	28.87808
321.52682	114.15426	-0.35984	0.19916	0.41128	-64.23623	3.15728	12.94429
319.62420	114.13459	-1.90262	-0.01967	1.90272	65.58716	4.28982	-1.81812
320.19510	114.38474	0.57090	0.25015	0.62330	29.55546	3.25864	28.43766
320.36460	114.74734	0.16950	0.36261	0.40027	-156.93126	1.90631	-0.71788
320.57245	114.62820	0.20785	-0.11914	0.23958	41.28546	1.47655	-10.44992
320.21158	114.73782	-0.36087	0.10962	0.37715	-94.76898	1.43889	11.44575
320.99136	115.12027	0.77978	0.38245	0.86852	-167.07454	1.68544	3.19377
321.14760	115.16559	0.15624	0.04532	0.16268	-136.97696	1.23166	-120.28314
321.08580	115.12505	-0.06180	-0.04054	0.07391	-9.95037	0.81412	3.55430
323.10803	115.53975	2.02223	0.41470	2.06431	-162.91132	2.69446	-11.70290
322.45930	116.14156	-0.64873	0.60181	0.88488	158.32465	2.65004	-7.86814
322.95496	117.30630	0.49566	1.16475	1.26583	125.55990	2.93845	12.21173
325.56800	118.75008	2.61304	1.44378	2.98538	-70.20113	5.69109	16.08290
330.27667	120.11414	4.70867	1.36405	4.90227	-38.02588	10.45768	-9.02979
335.17340	120.98243	4.89673	0.86829	4.97312	-12.76616	13.23616	-10.54406
341.08880	121.66734	5.91540	0.68491	5.95492	-6.10051	19.43174	-4.21436
347.94660	123.52608	6.85780	1.85874	7.10523	-3.45070	25.75398	-7.75897
356.73886	124.87267	8.79226	1.34659	8.89478	8.56061	31.76647	-2.54560
365.82993	128.57112	9.09107	3.69845	9.81459	-6.45764	36.54524	-2.86295
373.37244	132.96494	7.54251	4.39382	8.72898	13.43007	40.03433	2.26760
379.98420	137.98387	6.61176	5.01893	8.30091	8.08496	42.17916	4.03574
388.47098	142.02120	8.48678	4.03733	9.39816	6.97927	44.54542	5.34202
399.03262	146.02100	10.56164	3.99980	11.29365	-11.76046	47.28651	1.77377
410.39493	150.01093	11.36231	3.98993	12.04249	-4.69918	49.45407	2.03491
419.20420	155.28578	8.80927	5.27485	10.26778	-1.39321	50.97813	-0.87484
428.11185	161.26730	8.90765	5.98152	10.72962	11.56353	53.46390	0.27509
437.05734	168.03545	8.94549	6.76815	11.21738	2.96901	55.11239	-0.14987
443.42600	171.88385	6.36866	3.84840	7.44110	3.22961	51.37761	2.34862
451.45380	174.54144	8.02780	2.65759	8.45626	-5.96774	47.82862	2.05875
457.59674	175.76292	6.14294	1.22148	6.26320	-12.82633	43.51207	0.63172
460.92773	176.52670	3.33099	0.76378	3.41743	-7.07087	36.19021	-2.78230
459.96545	176.38272	-0.96228	-0.14398	0.97299	1.66823	24.38152	-3.13534
457.88190	175.41800	-2.08355	-0.96472	2.29605	175.59528	14.88164	-4.91769
456.00558	174.46107	-1.87632	-0.95693	2.10625	16.33528	4.55249	-6.28267
454.55466	173.62909	-1.45092	-0.83198	1.67253	2.17679	3.71584	-14.74964
453.57960	172.69305	-0.97506	-0.93604	1.35163	2.80888	8.28806	-143.94117
452.68760	171.76186	-0.89200	-0.93119	1.28949	13.99970	8.62087	-7.49542
452.41003	170.60986	-0.27757	-1.15200	1.18497	2.40108	7.28420	4.86047
451.50793	170.20767	-0.90210	-0.40219	0.98769	30.22162	6.19034	8.89350
450.58590	170.30888	-0.92203	0.10121	0.92757	-52.42391	5.17444	2.09542
449.59192	169.77165	-0.99398	-0.53723	1.12987	-30.29331	4.94330	-3.48585
448.51550	168.25050	-1.07642	-1.52115	1.86349	34.65470	5.45308	-3.68864
446.81480	166.87848	-1.70070	-1.37202	2.18514	26.32491	6.72531	3.85819
445.72750	166.30852	-1.08730	-0.56996	1.22763	-15.82096	6.97257	-6.38617
445.75626	165.67004	0.02876	-0.63848	0.63913	-11.23103	6.69659	0.30260
444.85342	165.66068	-0.90284	-0.00936	0.90289	64.91570	6.27323	9.84422
444.32070	165.20065	-0.53272	-0.46003	0.70386	-91.98513	5.18632	-2.90173
444.24432	164.59743	-0.07638	-0.60322	0.60804	40.21825	3.43665	-4.92464
444.21970	164.95076	-0.02462	0.35333	0.35419	41.97136	2.02903	5.56671
444.17725	164.57030	-0.04245	-0.38046	0.38282	-168.79766	1.92424	0.41682
444.16280	164.83257	-0.01445	0.26227	0.26267	169.64761	1.07830	-7.14652
443.95856	164.95815	-0.20424	0.12558	0.23976	-170.47995	0.43583	15.31664
443.95200	165.77705	-0.00656	0.81890	0.81893	55.26053	1.21530	-16.36539
445.01904	165.15234	1.06704	-0.62471	1.23646	-57.95513	0.82437	-109.88946
446.68515	164.48265	1.66611	-0.66969	1.79566	-120.80627	2.50943	-89.76411
447.81973	164.09467	1.13458	-0.38798	1.19908	8.44972	3.73063	-16.15555
447.12726	164.69049	-0.69247	0.59582	0.91352	3.01898	3.17998	-9.40639
446.65130	164.96094	-0.47596	0.27045	0.54743	158.16899	2.81997	6.57972
446.33440	165.16881	-0.31690	0.20787	0.37899	11.10349	1.31546	-11.99393
446.58798	164.98814	0.25358	-0.18067	0.31136	-3.65670	0.51474	17.53962
447.39180	163.92001	0.80382	-1.06813	1.33680	177.79379	0.46220	100.16382
448.87490	162.98207	1.48310	-0.93794	1.75480	-17.56774	2.44396	101.32167
451.04840	161.22420	2.17350	-1.75787	2.79539	20.72673	5.77042	113.44731
453.78460	158.49287	2.73620	-2.73133	3.86613	-6.65501	10.00368	3.99130
456.00732	155.12692	2.22272	-3.36595	4.03362	-5.98394	13.63699	-1.50421
458.95352	151.59825	2.94620	-3.52867	4.59691	-11.61208	16.89672	-4.45017
462.65106	146.32150	3.69754	-5.27675	6.44328	6.42064	21.61845	-0.50980
466.17050	139.79337	3.51944	-6.52813	7.41640	-4.83978	26.22896	-3.59091
469.36813	132.94994	3.19763	-6.84343	7.55363	-6.68985	29.92136	-4.37870
472.36932	125.79244	3.00119	-7.15750	7.76125	-3.28537	33.58909	-3.82068
474.47897	118.45885	2.10965	-7.33358	7.63100	-2.29594	36.59589	-2.23539
475.21020	110.82394	0.73123	-7.63491	7.66985	-6.69972	37.65380	-4.04904
474.24620	102.32289	-0.96400	-8.50105	8.55554	-10.57813	38.33085	-5.61866
472.56012	96.87653	-1.68608	-5.44636	5.70138	-11.94036	36.21436	-7.32148
471.66943	92.68000	-0.89069	-4.19653	4.29001	-10.73187	33.11984	-7.10574
470.20264	93.08659	-1.46679	0.40659	1.52210	5.21855	25.73012	-6.26757
468.81757	97.36673	-1.38507	4.28014	4.49867	-93.51034	14.89840	-8.35605
468.23610	101.48981	-0.58147	4.12308	4.16388	-56.57500	6.06756	-15.84238
468.32562	104.65942	0.08952	3.16961	3.17087	-9.90442	8.86027	-56.69908
468.55035	107.25774	0.22473	2.59832	2.60802	-9.64515	14.90769	-69.34198
468.65340	109.26025	0.10305	2.00251	2.00516	-3.32544	16.24769	-16.47263
468.20984	108.33524	-0.44356	-0.92502	1.02587	1.99737	10.98533	-6.60547
467.90054	107.88600	-0.30930	-0.44924	0.54542	157.32745	6.40498	-2.30021
468.09220	107.96504	0.19166	0.07904	0.20732	-8.92908	3.31385	-0.16821
469.21466	109.26030	1.12246	1.29526	1.71395	146.95860	2.10987	1.03600
470.15115	112.60134	0.93649	3.34104	3.46981	26.67701	3.66144	-22.39141
470.23758	116.14700	0.08643	3.54566	3.54671	25.25376	8.07065	-5.79357
472.23468	117.65658	1.99710	1.50958	2.50345	14.26175	10.68873	9.59443
473.63248	120.15263	1.39780	2.49605	2.86079	-51.51842	13.38776	-9.37021
474.34534	123.14562	0.71286	2.99299	3.07671	23.66577	14.80290	-0.52414
474.93730	125.80019	0.59196	2.65457	2.71977	15.85213	14.03983	4.16630
477.06305	127.55510	2.12575	1.75491	2.75654	0.82583	13.29405	0.34788
478.61000	129.03647	1.54695	1.48137	2.14185	-37.88759	13.04403	-10.96050
480.59467	129.76025	1.98467	0.72378	2.11253	4.21809	11.86501	1.63337
481.95154	130.77810	1.35687	1.01785	1.69621	-23.72325	10.77539	-6.67036
486.17474	132.16766	4.22320	1.38956	4.44593	16.83906	12.91606	-8.97211
488.98938	133.68274	2.81464	1.51508	3.19651	-18.66247	13.40840	-15.56162
490.14798	135.66450	1.15860	1.98176	2.29559	10.08017	13.30623	-2.34350
490.93024	136.80316	0.78226	1.13866	1.38148	31.39515	12.50706	2.68167
491.70023	136.30933	0.76999	-0.49383	0.91474	-4.17717	11.20854	4.39612
490.72278	135.47537	-0.97745	-0.83396	1.28487	-88.18483	5.62367	-4.70168
486.46982	134.67840	-4.25296	-0.79697	4.32699	-106.85528	2.70916	6.45795
481.38850	134.10812	-5.08132	-0.57028	5.11322	-29.85713	8.89667	122.40971
476.46220	133.80742	-4.92630	-0.30070	4.93547	-4.21012	14.77493	31.63769
472.45923	134.48476	-4.00297	0.67734	4.05987	-2.91056	19.32732	1.62316
469.14587	135.52531	-3.31336	1.04055	3.47291	-13.09700	21.57697	-6.28130
467.09555	138.84910	-2.05032	3.32379	3.90530	-7.83072	19.81810	-5.54961
464.14703	142.95522	-2.94852	4.10612	5.05510	-40.89641	19.37884	-12.01606
460.66443	147.67238	-3.48260	4.71716	5.86345	4.01249	21.01920	-15.01501
457.11493	152.09743	-3.54950	4.42505	5.67274	0.75648	23.35923	-14.10822
454.65427	155.71748	-2.46066	3.62005	4.37717	2.29659	24.85418	-7.66545
451.97400	159.01800	-2.68027	3.30052	4.25174	-4.52926	25.20805	-5.39624
449.91394	160.91855	-2.06006	1.90055	2.80284	4.87403	22.91860	1.19418
449.89000	161.23607	-0.02394	0.31752	0.31842	8.22710	17.32230	1.53066
450.34827	161.19728	0.45827	-0.03879	0.45991	-42.99453	11.33997	0.07092
451.04013	160.46803	0.69186	-0.72925	1.00522	-99.15000	5.96906	-1.82763
452.14100	158.83852	1.10087	-1.62951	1.96652	-41.66889	0.24516	0.62874
453.35230	157.08807	1.21130	-1.75045	2.12869	-9.45056	5.14732	-174.32615
454.36462	155.80281	1.01232	-1.28526	1.63606	0.64067	7.03865	-1.02498
455.09363	154.14840	0.72901	-1.65441	1.80791	3.54234	8.49736	-2.43862
458.08276	151.05632	2.98913	-3.09208	4.30068	-14.44480	11.75495	-5.52479
459.10320	149.05551	1.02044	-2.00081	2.24600	20.24960	12.00748	2.85817
458.21487	147.56335	-0.88833	-1.49216	1.73657	-17.00793	10.69415	-1.36889
456.46097	147.09220	-1.75390	-0.47115	1.81608	-57.78887	8.95932	-8.39276
454.81732	146.11043	-1.64365	-0.98177	1.91454	-44.19694	8.04272	-13.51345
452.84225	144.96270	-1.97507	-1.14773	2.28433	15.81395	8.03711	-15.50062
451.32855	144.10938	-1.51370	-0.85332	1.73765	-0.68909	9.21463	-38.72671
449.30603	143.51150	-2.02252	-0.59788	2.10904	-0.74992	9.78698	-16.84050
447.60068	143.08429	-1.70535	-0.42721	1.75805	-12.94303	9.72461	-8.00736
446.77805	143.21490	-0.82263	0.13061	0.83293	-2.40445	8.54482	-0.11723
447.02640	143.25610	0.24835	0.04120	0.25174	-23.08545	6.06107	-4.53173
446.50400	143.46188	-0.52240	0.20578	0.56147	-161.55909	4.86781	-3.45389
446.27023	143.65979	-0.23377	0.19791	0.30630	149.08060	3.03942	-8.70981
447.82605	144.58770	1.55582	0.92791	1.81152	-18.75119	1.52021	-10.44047
450.34402	145.54103	2.51797	0.95333	2.69240	-108.93634	4.25758	-95.72898
453.17828	146.05971	2.83426	0.51868	2.88133	-10.07517	6.76061	-48.35756
455.92050	146.46939	2.74222	0.40968	2.77265	-10.36661	9.88512	-8.61667
458.03094	147.57614	2.11044	1.10675	2.38303	-1.87360	12.39565	-6.78746
461.54680	147.91243	3.51586	0.33629	3.53191	19.17628	14.11782	0.70509
465.53146	147.40913	3.98466	-0.50330	4.01632	-22.20958	15.30190	-4.79688
468.58410	146.98875	3.05264	-0.42038	3.08145	-12.66256	15.43381	-6.60870
470.63068	145.77733	2.04658	-1.21142	2.37824	-0.64203	14.72645	-3.56131
472.24570	144.01814	1.61502	-1.75919	2.38810	-22.78141	14.65329	-6.14458
473.44977	142.52530	1.20407	-1.49284	1.91790	-16.82428	13.06529	-11.35902
474.73840	141.27388	1.28863	-1.25142	1.79628	-3.66503	11.06386	-10.29830
475.20676	140.07863	0.46836	-1.19525	1.28374	6.95091	9.57128	-9.32750
475.37305	139.62083	0.16629	-0.45780	0.48707	-24.44150	7.77127	-12.53849
475.24457	140.12651	-0.12848	0.50568	0.52175	-1.43488	4.91304	-6.17595
474.88718	141.26184	-0.35739	1.13533	1.19025	174.29280	1.91376	0.01050
474.80698	142.15002	-0.08020	0.88818	0.89179	3.21775	0.87882	11.06739
474.74615	143.37920	-0.06083	1.22918	1.23068	-12.31381	3.33256	126.83923
474.68054	146.25108	-0.06561	2.87188	2.87263	-2.32649	6.66632	12.42029
474.87576	148.55266	0.19522	2.30158	2.30984	-1.52443	8.43422	-1.98183
474.63745	150.32660	-0.23831	1.77394	1.78988	-6.15696	9.06820	-3.45654
474.32570	152.31270	-0.31175	1.98610	2.01042	12.49949	10.17407	-0.92815
474.30743	154.15073	-0.01827	1.83803	1.83812	1.26942	10.78046	1.13329
474.24893	155.29823	-0.05850	1.14750	1.14899	-8.35120	9.05744	-0.37902
474.21518	157.17636	-0.03375	1.87813	1.87843	2.34893	8.64896	0.39898
474.61862	158.54780	0.40344	1.37144	1.42955	-1.88894	8.22122	1.64901
474.80830	158.50584	0.18968	-0.04196	0.19427	-17.42193	6.21191	-4.24910
474.62310	158.35822	-0.18520	-0.14762	0.23683	-86.08135	4.21932	-4.58700
474.69025	158.65703	0.06715	0.29881	0.30626	-128.96842	3.38767	0.16515
475.41043	158.43538	0.72018	-0.22165	0.75352	-141.22317	1.73602	-3.19472
476.24734	158.86678	0.83691	0.43140	0.94155	-94.44144	1.65966	-36.02626
476.40887	159.11035	0.16153	0.24357	0.29226	44.37645	1.71092	-35.40744
476.82883	159.59042	0.41996	0.48007	0.63784	29.17894	2.52657	9.60980
476.48483	159.55219	-0.34400	-0.03823	0.34612	-7.62766	2.00545	8.49854
476.19570	159.48648	-0.28913	-0.06571	0.29650	137.52055	1.31204	-2.67867
476.15840	159.40332	-0.03730	-0.08316	0.09114	6.46254	0.54386	26.72621
475.81033	159.25317	-0.34807	-0.15015	0.37907	53.03818	0.61534	46.17527
475.45007	159.50224	-0.36026	0.24907	0.43798	-42.50785	1.38158	67.16728
475.20508	159.90416	-0.24499	0.40192	0.47070	-57.99284	1.32727	17.08005
474.68585	159.23444	-0.51923	-0.66972	0.84742	-23.97714	1.53074	-19.03729
473.77768	158.26262	-0.90817	-0.97182	1.33012	110.84943	2.63989	24.85489
473.77200	157.52728	-0.00568	-0.73534	0.73536	-5.27469	2.67086	16.12395
474.14044	157.65912	0.36844	0.13184	0.39132	42.61834	2.26102	14.65420
474.11755	157.15746	-0.02289	-0.50166	0.50218	110.13145	2.95416	14.34910
473.81375	157.00476	-0.30380	-0.15270	0.34002	-112.30140	2.39417	13.79510
473.19644	155.40004	-0.61731	-1.60472	1.71936	-60.70186	2.92099	0.23855
473.04694	154.55807	-0.14950	-0.84197	0.85514	42.27344	3.05646	9.88434
472.65770	151.52911	-0.38924	-3.02896	3.05387	10.97244	6.30679	-2.24494
473.34744	147.73355	0.68974	-3.79556	3.85772	2.74576	9.45532	0.12501
474.08790	144.55452	0.74046	-3.17903	3.26413	17.62229	12.45326	8.92590
474.70334	140.82776	0.61544	-3.72676	3.77724	2.81201	14.64999	5.93319
475.64194	140.50134	0.93860	-0.32642	0.99374	-3.73433	14.29425	4.64247
476.86017	143.40953	1.21823	2.90819	3.15304	61.44645	9.14267	4.55566
477.62390	145.54900	0.76373	2.13947	2.27170	86.44768	4.80212	16.90527
479.68713	146.85580	2.06323	1.30680	2.44226	3.08351	6.05370	35.57579
480.69485	148.43436	1.00772	1.57856	1.87279	-38.00570	9.68290	49.40200
480.82233	150.63440	0.12748	2.20004	2.20373	25.09750	11.38048	29.43083
481.37976	151.49144	0.55743	0.85704	1.02237	29.23706	9.25980	11.14876
481.54608	151.92389	0.16632	0.43245	0.46333	-29.72424	7.48483	-2.13715
482.71628	152.37700	1.17020	0.45311	1.25486	12.00379	6.29757	-2.38717
483.32373	153.48952	0.60745	1.11252	1.26756	-47.79652	5.69786	2.85117
483.37976	154.43796	0.05603	0.94844	0.95009	40.19813	4.58340	1.27474
482.05480	156.57999	-1.32496	2.14203	2.51869	25.25423	5.13313	-6.43983
481.68360	158.77473	-0.37120	2.19474	2.22591	35.11988	6.85222	26.35936
482.63693	161.09130	0.95333	2.31657	2.50506	-22.13932	8.71466	6.40669
482.15960	162.35266	-0.47733	1.26136	1.34866	-31.96815	8.93926	1.67167
482.66522	162.75398	0.50562	0.40132	0.64553	43.09635	8.34666	6.96098
482.57310	162.82176	-0.09212	0.06778	0.11437	-72.28820	6.26325	-2.57171
484.36010	161.63748	1.78700	-1.18428	2.14380	105.21545	3.91905	-9.65778
485.83652	161.75143	1.47642	0.11395	1.48081	-177.18835	3.26698	-38.32743
486.66525	162.63460	0.82873	0.88317	1.21111	37.94655	4.51446	-35.26824
487.90927	164.25162	1.24402	1.61702	2.04018	42.40811	5.45371	-8.07692
488.62714	166.11070	0.71787	1.85908	1.99287	5.60644	6.88974	12.35813
489.69556	168.66216	1.06842	2.55146	2.76613	16.45842	8.82118	12.57490
489.95110	170.29580	0.25554	1.63364	1.65351	-1.60772	9.48346	24.26859
489.87967	171.81888	-0.07143	1.52308	1.52475	13.83105	9.73054	11.50443
490.36542	175.52011	0.48575	3.70123	3.73297	11.57549	11.53306	6.42374
491.13174	180.77080	0.76632	5.25069	5.30632	-10.16189	14.87251	6.99339
492.42640	184.68020	1.29466	3.90940	4.11820	-0.82672	16.24916	2.60115
494.45900	188.96570	2.03260	4.28550	4.74310	-10.01961	19.20641	0.02001
496.45890	191.61789	1.99990	2.65219	3.32170	-7.05174	20.86353	-3.89935
496.54680	191.43380	0.08790	-0.18409	0.20400	-11.64349	17.07205	-4.80728
495.72180	191.26950	-0.82500	-0.16430	0.84120	-117.45794	11.45824	-2.84605
495.10205	188.52338	-0.61975	-2.74612	2.81518	-104.26054	4.68286	-2.38734
493.86255	184.87202	-1.23950	-3.65136	3.85601	66.01925	4.13690	-11.23084
492.07320	181.64108	-1.78935	-3.23094	3.69334	-6.03285	10.89822	-153.44376
488.35565	180.77856	-3.71755	-0.86252	3.81630	-10.22801	13.43983	-15.44011
486.67767	179.55597	-1.67798	-1.22259	2.07614	-47.95930	14.79875	-13.82128
485.97754	178.06080	-0.70013	-1.49517	1.65097	23.01513	13.88244	-0.12102
484.61115	176.87267	-1.36639	-1.18813	1.81071	28.83075	12.23021	-3.41990
483.96290	176.15514	-0.64825	-0.71753	0.96699	-23.89989	9.79145	-8.05924
483.83360	176.18940	-0.12930	0.03426	0.13376	6.89563	6.44277	-6.77372
482.96130	176.56331	-0.87230	0.37391	0.94906	-62.74424	4.77152	11.34695
482.76575	176.77376	-0.19555	0.21045	0.28728	-8.36195	3.46007	-6.57876
483.06824	176.76016	0.30249	-0.01360	0.30280	-23.89947	1.54701	-17.00611
484.07657	176.53123	1.00833	-0.22893	1.03399	-135.47251	0.39289	-17.66648
485.34030	176.41772	1.26373	-0.11351	1.26882	-10.21722	1.52390	-110.98766
485.74700	176.32733	0.40670	-0.09039	0.41662	7.65891	2.79568	-64.56616
486.87125	176.24022	1.12425	-0.08711	1.12762	-7.39783	4.14002	-13.45888
487.40924	176.08766	0.53799	-0.15256	0.55920	8.09987	4.39278	-2.56248
487.96320	176.56836	0.55396	0.48070	0.73345	-11.40138	3.88681	-1.40165
488.09990	176.30756	0.13670	-0.26080	0.29445	56.78184	2.76180	9.35350
487.52182	174.70486	-0.57808	-1.60270	1.70377	-103.28831	2.40466	-2.83331
487.52695	171.79822	0.00513	-2.90664	2.90664	-47.49551	4.49013	-40.14635
488.61594	169.56600	1.08899	-2.23222	2.48369	19.93506	6.63236	-39.17068
489.89300	169.50972	1.27706	-0.05628	1.27830	25.90434	7.31769	2.08585
490.41464	169.83615	0.52164	0.32643	0.61536	61.47114	6.87293	4.80789
490.16797	169.54172	-0.24667	-0.29443	0.38410	34.56075	5.80173	4.39073
489.34158	168.83530	-0.82639	-0.70642	1.08718	-161.99324	3.47445	7.45402
488.36575	167.26385	-0.97583	-1.57145	1.84978	-9.51942	2.31571	4.34974
488.52990	165.69577	0.16415	-1.56808	1.57665	17.63609	4.05022	-37.68761
488.24323	163.88667	-0.28667	-1.80910	1.83167	37.81530	6.33335	-13.46444
487.86658	161.95851	-0.37665	-1.92816	1.96460	-14.98030	7.92474	-0.38399
487.19050	158.93614	-0.67608	-3.02237	3.09706	-2.04884	10.13018	3.16855
486.79065	156.09894	-0.39985	-2.83720	2.86524	-1.55596	11.27547	4.62252
486.15800	154.58203	-0.63265	-1.51691	1.64355	4.58710	11.36403	4.22967
485.51440	153.36662	-0.64360	-1.21541	1.37530	-14.61737	10.86821	-4.01729
484.97030	152.93550	-0.54410	-0.43112	0.69420	-5.26340	9.47645	-2.49430
485.03830	153.01959	0.06800	0.08409	0.10814	-23.70559	6.29583	-3.25437
485.27686	153.49715	0.23856	0.47756	0.53383	-167.35269	3.01013	-2.19331
485.48996	153.98941	0.21310	0.49226	0.53641	12.41706	0.89302	-10.20265
485.71118	154.41800	0.22122	0.42859	0.48231	3.13608	1.06964	-18.23171
485.85434	154.52678	0.14316	0.10878	0.17980	-3.89302	1.82036	-142.17735
486.00363	154.44572	0.14929	-0.08106	0.16988	-25.46978	1.72212	-18.45345
485.88520	154.62926	-0.11843	0.18354	0.21843	-65.72999	1.28520	-5.03911
486.52563	155.07400	0.64043	0.44474	0.77971	151.33295	1.49965	5.84220
487.61360	155.45302	1.08797	0.37902	1.15210	-88.05466	2.16575	-15.42688
488.62604	155.21257	1.01244	-0.24045	1.04060	-15.57066	2.85528	-17.77313
489.06094	156.11288	0.43490	0.90031	0.99985	-32.56696	3.48232	-14.65125
489.66800	156.63026	0.60706	0.51738	0.79762	77.57684	4.27944	14.70642
489.54250	157.13094	-0.12550	0.50068	0.51617	-23.77685	3.65137	-0.72612
489.17020	156.75476	-0.37230	-0.37618	0.52926	63.63177	2.02917	6.40902
489.00916	156.05103	-0.16104	-0.70373	0.72192	121.22523	0.92184	5.61811
489.60600	155.66542	0.59684	-0.38561	0.71057	31.81349	0.70520	25.53800
490.13210	156.06023	0.52610	0.39481	0.65777	70.02356	0.73507	-104.82662
490.82663	156.35948	0.69453	0.29925	0.75626	69.75221	1.49805	-11.46479
491.22080	156.64937	0.39417	0.28989	0.48929	-13.57666	2.05331	19.85267
491.09827	156.49757	-0.12253	-0.15180	0.19508	13.02279	2.13630	28.05385
491.17000	156.98770	0.07173	0.49013	0.49535	-165.24220	2.04805	15.00733
491.04437	157.12413	-0.12563	0.13643	0.18546	-149.41628	1.40147	28.14755
490.71110	156.76411	-0.33327	-0.36002	0.49059	50.96613	0.42080	9.17490
490.76250	156.82190	0.05140	0.05779	0.07734	94.56955	0.48970	56.54745
490.78650	157.04400	0.02400	0.22210	0.22339	-178.86038	0.62912	53.43572
490.68020	157.11111	-0.10630	0.06711	0.12571	35.48335	0.50511	-39.66356
490.53670	157.33582	-0.14350	0.22471	0.26662	63.90212	0.55004	46.15085
490.60178	157.36086	0.06508	0.02504	0.06973	-25.17236	0.60668	-8.49344
490.58163	157.35991	-0.02015	-0.00095	0.02017	-101.51775	0.56760	-56.98363
490.60846	157.39674	0.02683	0.03683	0.04557	161.65470	0.39512	8.20075
490.51324	157.52925	-0.09522	0.13251	0.16317	-128.77196	0.45024	8.19986
490.48218	157.56746	-0.03106	0.03821	0.04924	71.77322	0.23797	-5.01521
490.62027	157.59038	0.13809	0.02292	0.13998	3.40630	0.23026	-8.52206
490.53906	157.57323	-0.08121	-0.01715	0.08300	-119.68287	0.21753	-17.85015
490.72015	157.37778	0.18109	-0.19545	0.26645	-177.49940	0.11329	15.89142
490.58044	157.41368	-0.13971	0.03590	0.14425	120.89142	0.13369	-110.92009
490.61096	157.67767	0.03052	0.26399	0.26575	-147.22698	0.16950	-50.18903
490.88617	157.44196	0.27521	-0.23571	0.36235	-82.18372	0.30452	100.38040
491.62280	158.59299	0.73663	1.15103	1.36656	-123.98446	1.48809	-69.72630
492.38430	161.71623	0.76150	3.12324	3.21473	97.96096	4.64667	72.42720
492.35028	164.71426	-0.03402	2.99803	2.99822	18.91585	7.51204	25.75627
492.10480	166.73131	-0.24548	2.01705	2.03193	14.35249	9.17605	7.35889
492.30692	169.50255	0.20212	2.77124	2.77860	6.28878	12.14398	4.25769
493.35440	172.62184	1.04748	3.11929	3.29047	-11.11039	14.13531	2.65078
493.96008	175.46385	0.60568	2.84201	2.90583	-14.39095	13.83763	-0.31797
493.70206	177.32617	-0.25802	1.86232	1.88011	6.53171	12.68415	0.49768
493.38715	178.64847	-0.31491	1.32230	1.35928	19.91869	11.98596	0.42105
493.33960	180.00847	-0.04755	1.36000	1.36083	5.50766	10.55655	-0.02393
494.09840	181.43681	0.75880	1.42834	1.61738	-11.39321	8.84631	0.52784
495.28085	182.40665	1.18245	0.96984	1.52931	-29.98173	7.06731	0.78942
496.91263	182.83002	1.63178	0.42337	1.68581	-22.66226	6.37182	-5.94658
499.67303	183.12593	2.76040	0.29591	2.77622	-24.81360	7.71751	-19.48535
503.29610	183.49031	3.62307	0.36438	3.64135	-8.42621	10.54775	-24.28120
506.90262	184.19975	3.60652	0.70944	3.67563	-0.37559	13.09893	-16.18744
511.27057	184.19290	4.36795	-0.00685	4.36796	5.38554	16.08918	-7.09821
515.31470	186.17514	4.04413	1.98224	4.50381	-11.21844	18.70364	-5.80256
517.55676	188.11836	2.24206	1.94322	2.96697	26.20175	18.56750	3.92848
520.31240	189.55284	2.75564	1.43448	3.10665	14.80397	18.06402	5.29493
522.27606	192.07903	1.96366	2.52619	3.19962	-13.41611	17.27500	4.01222
522.64166	195.12430	0.36560	3.04527	3.06714	24.64159	15.77331	7.52644
520.69060	196.51431	-1.95106	1.39001	2.39557	31.01278	11.65327	16.73427
519.10474	197.34967	-1.58586	0.83536	1.79242	61.37835	9.36020	18.65704
517.60950	197.72826	-1.49524	0.37859	1.54242	7.68928	8.61064	17.95314
516.03940	198.84436	-1.57010	1.11610	1.92637	13.56975	9.20139	27.81381
514.56757	200.23470	-1.47183	1.39034	2.02468	-21.19848	9.55548	24.37704
514.03780	201.49532	-0.52977	1.26062	1.36741	-7.96217	8.31085	14.99712
513.76130	202.97845	-0.27650	1.48313	1.50868	-23.83648	7.76115	-4.49124
514.17400	203.84706	0.41270	0.86861	0.96167	-12.23394	7.01729	-9.66716
515.24866	203.78027	1.07466	-0.06679	1.07673	-35.97407	4.99885	-14.19758
515.57240	203.31503	0.32374	-0.46524	0.56679	-68.14270	3.24008	-20.21121
515.86316	202.37338	0.29076	-0.94165	0.98552	-51.61129	2.02557	-27.16830
515.53350	201.33784	-0.32966	-1.03554	1.08675	-17.67286	2.41501	-46.24410
515.06415	199.71931	-0.46935	-1.61853	1.68521	-34.81816	4.22264	-68.48103
514.51350	198.70512	-0.55065	-1.01419	1.15403	1.48728	5.12812	-35.03862
514.41800	198.10791	-0.09550	-0.59721	0.60480	-12.32817	5.33355	-20.41172
514.78100	197.68803	0.36300	-0.41988	0.55504	19.41429	4.80870	-4.25786
515.11780	197.67413	0.33680	-0.01390	0.33709	49.92975	3.68722	-0.50526
515.70233	199.07558	0.58453	1.40145	1.51847	46.79221	0.90646	6.53202
515.66920	200.27968	-0.03313	1.20410	1.20456	69.72280	1.95317	51.22528
515.80853	200.46262	0.13933	0.18294	0.22996	24.21656	2.73464	98.97003
515.05350	201.52667	-0.75503	1.06405	1.30471	-38.86953	3.84830	5.71485
514.21650	201.45305	-0.83700	-0.07362	0.84023	72.65227	3.88492	26.50264
512.86975	202.98250	-1.34675	1.52945	2.03788	59.66783	4.82572	17.47538
511.88553	205.56111	-0.98422	2.57861	2.76006	-53.66125	6.49690	22.52788
510.07040	212.69987	-1.81513	7.13876	7.36591	-20.47421	13.51578	-0.32452
508.94930	220.52173	-1.12110	7.82186	7.90179	-6.62522	19.95178	-10.49599
509.10468	228.35330	0.15538	7.83157	7.83311	-6.10935	27.38164	-7.30702
508.86850	236.51979	-0.23618	8.16649	8.16990	-9.29321	33.77514	-7.05563
507.34732	242.12888	-1.52118	5.60909	5.81170	2.79318	36.84830	-3.95590
503.11392	249.99298	-4.23340	7.86410	8.93117	13.51702	37.93638	0.27081
497.66330	257.16586	-5.45062	7.17288	9.00885	13.12087	38.34274	3.49178
493.31232	263.22235	-4.35098	6.05649	7.45735	8.93649	38.27857	6.55202
491.82450	270.38034	-1.48782	7.15799	7.31098	-1.53749	37.90824	7.24773
491.12872	279.54593	-0.69578	9.16559	9.19196	-23.95146	40.78086	2.35279
489.48300	290.00476	-1.64572	10.45883	10.58752	-7.40087	42.26990	-3.28424
487.94275	299.55353	-1.54025	9.54877	9.67220	4.60117	43.48797	-4.62198
485.46380	309.46290	-2.47895	9.90937	10.21473	0.22079	46.90189	-5.89655
482.17944	317.49756	-3.28436	8.03466	8.68002	4.88191	48.09428	-3.28288
480.89487	325.62920	-1.28457	8.13164	8.23248	8.18848	47.20593	1.93568
481.77054	334.08795	0.87567	8.45875	8.50395	-13.25653	44.75276	0.95184
480.61610	342.32233	-1.15444	8.23438	8.31491	-14.88728	43.39182	-2.59706
477.67550	351.70963	-2.94060	9.38730	9.83710	13.89105	42.95863	-0.20272
473.78230	358.22305	-3.89320	6.51342	7.58826	9.41261	41.58218	0.72447
471.52676	364.61475	-2.25554	6.39170	6.77800	13.47427	40.09532	1.20512
471.34888	367.55768	-0.17788	2.94293	2.94830	-11.43038	35.05473	1.86134
472.83176	366.99304	1.48288	-0.56464	1.58674	-15.97828	25.86967	3.78350
473.35458	367.50372	0.52282	0.51068	0.73085	-114.30439	16.37448	0.21671
473.47644	365.12082	0.12186	-2.38290	2.38601	65.17247	6.90455	-2.21154
473.80432	361.37637	0.32788	-3.74445	3.75878	-131.39949	3.95909	-12.76155
473.50403	359.71230	-0.30029	-1.66407	1.69095	2.07678	8.13601	-147.42013
472.60547	359.64545	-0.89856	-0.06685	0.90104	-15.23353	7.35107	-19.75837
471.56070	358.85123	-1.04477	-0.79422	1.31238	-75.51598	8.83649	-17.12446
469.61472	356.74634	-1.94598	-2.10489	2.86660	32.98682	9.22197	-9.94889
467.96150	355.62726	-1.65322	-1.11908	1.99637	10.00488	8.19700	-13.04290
464.85272	355.59006	-3.10878	-0.03720	3.10900	-13.15205	9.58322	-20.70735
461.82440	357.04907	-3.02832	1.45901	3.36146	-33.40886	11.08930	-19.05962
458.30643	358.54095	-3.51797	1.49188	3.82123	-26.40981	13.25790	-11.93665
453.61966	360.65155	-4.68677	2.11060	5.14008	2.74369	16.46489	-12.19953
448.18875	363.78146	-5.43091	3.12991	6.26826	-1.26299	21.38814	-15.06144
444.01193	366.45932	-4.17682	2.67786	4.96153	-5.71192	23.50488	-8.69065
438.82980	369.89810	-5.18213	3.43878	6.21930	-2.70946	26.34102	-5.13270
434.96220	373.21732	-3.86760	3.31922	5.09662	-0.90272	27.57442	-1.65205
430.31177	375.58780	-4.65043	2.37048	5.21974	-7.06896	27.68301	-2.96153
424.86462	376.35904	-5.44715	0.77124	5.50148	13.62712	26.49926	-0.49540
418.86462	377.88490	-6.00000	1.52586	6.19098	18.95075	27.62121	4.31687
412.22925	381.17000	-6.63537	3.28510	7.40405	-6.20971	28.89022	3.90136
405.88257	385.98580	-6.34668	4.81580	7.96695	-12.07109	31.75939	1.46983
398.02710	391.38474	-7.85547	5.39894	9.53189	-10.85136	35.94222	-0.74099
390.73788	395.28810	-7.28922	3.90336	8.26855	2.69075	39.02491	-2.36694
382.48680	399.15420	-8.25108	3.86610	9.11192	6.33118	42.13940	-2.94322
374.87510	400.87643	-7.61170	1.72223	7.80410	3.06318	42.23359	-1.29808
369.05026	404.60727	-5.82484	3.73084	6.91722	12.35663	41.27200	2.49969
366.54178	407.32254	-2.50848	2.71527	3.69664	-19.89064	35.28936	0.99420
367.21857	408.60278	0.67679	1.28024	1.44812	-14.62718	27.02663	-0.02844
366.23746	409.42734	-0.98111	0.82456	1.28159	-70.59590	19.22442	-2.66650
368.38022	407.46008	2.14276	-1.96726	2.90887	77.81796	9.24813	-2.78691
369.91727	406.24520	1.53705	-1.21488	1.95920	177.48997	1.85325	-13.08704
368.77020	406.84060	-1.14707	0.59540	1.29239	4.23218	2.27994	-72.50485
368.81714	406.88904	0.04694	0.04844	0.06745	-169.10935	2.34357	-74.30967
369.71088	405.88464	0.89374	-1.00440	1.34447	-106.66691	4.96139	-34.78799
371.37857	404.37448	1.66769	-1.51016	2.24984	-94.23751	4.30244	1.42565
373.74490	402.39440	2.36633	-1.98008	3.08549	6.17442	5.42949	-0.25588
375.92914	400.35632	2.18424	-2.03808	2.98742	2.24043	9.65900	0.64873
376.86722	399.01510	0.93808	-1.34122	1.63672	-3.09577	11.26067	3.00387
376.26710	398.20706	-0.60012	-0.80804	1.00652	-12.01274	10.09600	-2.19724
374.73020	397.31090	-1.53690	-0.89616	1.77909	-71.57058	7.81841	-5.13828
373.26282	396.68520	-1.46738	-0.62570	1.59521	-23.15296	5.72952	-15.11137
368.89280	396.05777	-4.37002	-0.62743	4.41483	-7.15258	8.24546	-30.21064
366.02536	395.68875	-2.86744	-0.36902	2.89109	-14.92324	11.34066	-53.75239
361.77066	396.11108	-4.25470	0.42233	4.27561	-0.83719	14.64718	-14.36472
357.62152	396.82645	-4.14914	0.71537	4.21036	-13.00199	17.11554	-8.82919
352.08002	396.44476	-5.54150	-0.38169	5.55463	-4.11370	21.18416	-6.60519
346.10200	393.94100	-5.97802	-2.50376	6.48117	13.72264	22.88889	-0.97164
339.60162	391.90485	-6.50038	-2.03615	6.81182	18.78506	26.69329	4.65599
332.48340	391.14798	-7.11822	-0.75687	7.15835	-5.33287	29.70481	2.84309
323.59164	391.23790	-8.89176	0.08992	8.89221	-11.32304	34.48572	1.46873
314.18260	390.09445	-9.40904	-1.14345	9.47827	-6.64877	38.42578	-0.29199
302.35187	388.39276	-11.83073	-1.70169	11.95249	7.50839	44.10053	0.18630
290.86350	385.76523	-11.48837	-2.62753	11.78501	1.25609	49.12331	-2.28496
